return period,return value,lower ci,upper ci
2.0,7.782412584165424,6.997124410793201,9.00327202973568
5.0,8.917683357307173,7.983591617495402,10.384250712604514
10.0,9.773437980374165,8.725447439266192,11.427307608351803
25.0,10.902968756217538,9.704356552548173,12.805506194648926
50.0,11.756824797518606,10.44389309413985,13.84771432020813
100.0,12.610444540741328,11.182573741179066,14.889875085218456
