return period,return value,lower ci,upper ci
2.0,7.780207153549182,6.998519858136212,8.985344742220803
5.0,8.914174442441336,7.984759589211114,10.364393963635335
10.0,9.768946513416726,8.726654565695268,11.405139601627642
25.0,10.897180395505256,9.70495267608717,12.779224121945145
50.0,11.750056064610028,10.444484345262289,13.820254385702917
100.0,12.602695706946902,11.183267546132413,14.86053905103218
